이름,나이,거주지
한성민,24,서울
짱구,5,떡잎마을
상디,20,올블루
한성민,24,서울
짱구,5,떡잎마을
상디,20,올블루
한성민,24,서울
짱구,5,떡잎마을
상디,20,올블루
한성민,24,서울
짱구,5,떡잎마을
상디,20,올블루
한성민,24,서울
짱구,5,떡잎마을
상디,20,올블루
한성민,24,서울
짱구,5,떡잎마을
상디,20,올블루
한성민,24,서울
짱구,5,떡잎마을
상디,20,올블루
한성민,24,서울
짱구,5,떡잎마을
상디,20,올블루
한성민,24,서울
짱구,5,떡잎마을
상디,20,올블루
한성민,24,서울
짱구,5,떡잎마을
상디,20,올블루
한성민,24,서울
짱구,5,떡잎마을
상디,20,올블루
한성민,24,서울
짱구,5,떡잎마을
상디,20,올블루
한성민,24,서울
짱구,5,떡잎마을
상디,20,올블루
한성민,24,서울
짱구,5,떡잎마을
상디,20,올블루
한성민,24,서울
짱구,5,떡잎마을
상디,20,올블루
한성민,24,서울
짱구,5,떡잎마을
상디,20,올블루
한성민,24,서울
짱구,5,떡잎마을
상디,20,올블루
한성민,24,서울
짱구,5,떡잎마을
상디,20,올블루
한성민,24,서울
짱구,5,떡잎마을
상디,20,올블루
한성민,24,서울
짱구,5,떡잎마을
상디,20,올블루
한성민,24,서울
짱구,5,떡잎마을
상디,20,올블루
한성민,24,서울
짱구,5,떡잎마을
상디,20,올블루
한성민,24,서울
짱구,5,떡잎마을
상디,20,올블루
한성민,24,서울
짱구,5,떡잎마을
상디,20,올블루
한성민,24,서울
짱구,5,떡잎마을
상디,20,올블루
한성민,24,서울
짱구,5,떡잎마을
상디,20,올블루
한성민,24,서울
짱구,5,떡잎마을
상디,20,올블루
한성민,24,서울
짱구,5,떡잎마을
상디,20,올블루
한성민,24,서울
짱구,5,떡잎마을
상디,20,올블루
한성민,24,서울
짱구,5,떡잎마을
상디,20,올블루
한성민,24,서울
짱구,5,떡잎마을
상디,20,올블루
한성민,24,서울
짱구,5,떡잎마을
상디,20,올블루
한성민,24,서울
짱구,5,떡잎마을
상디,20,올블루
한성민,24,서울